{"cameraMode":{"drawMode":0,"name":"Shaded","section":"Shading Mode"},"sceneLighting":true,"audioPlay":false,"sceneViewState":{"showFog":true,"showMaterialUpdate":false,"showSkybox":true,"showFlares":true,"showImageEffects":true,"showParticleSystems":true},"in2DMode":false,"pivot":{"x":5.196616172790527,"y":6.680163383483887,"z":2.237712860107422},"rotation":{"x":0.10687384009361267,"y":-0.12937194108963014,"z":0.01402647327631712,"w":0.9857215881347656},"size":16.995859146118165,"orthographic":false}