{"cameraMode":{"drawMode":0,"name":"Shaded","section":"Shading Mode"},"sceneLighting":true,"audioPlay":false,"sceneViewState":{"showFog":true,"showMaterialUpdate":false,"showSkybox":true,"showFlares":true,"showImageEffects":true,"showParticleSystems":true},"in2DMode":false,"pivot":{"x":0.04186776280403137,"y":16.542625427246095,"z":-34.55651092529297},"rotation":{"x":0.08688396215438843,"y":-0.011954321525990963,"z":0.0010426562512293459,"w":0.9961459040641785},"size":6.890747547149658,"orthographic":false}